predicted_label,confidence,severity
Normal,0.9124928374460883,Low
Anxiety,0.7832452599612104,Medium
Anxiety,0.7853187164962121,Medium
Anxiety,0.7379122632032348,Medium
Anxiety,0.9230314552590627,Medium
Anxiety,0.7050363247594313,Medium
Anxiety,0.7755387676531983,Medium
Anxiety,0.67522602015632,Medium
Anxiety,0.826806730773948,Medium
Anxiety,0.8774296327969936,Medium
Anxiety,0.8626260995493568,Medium
Anxiety,0.9265996985633507,Medium
Anxiety,0.6833258650489608,Medium
Anxiety,0.9279814649501302,Medium
Anxiety,0.6945787203094834,Medium
Anxiety,0.7606743534234514,Medium
Anxiety,0.888108681006218,Medium
Anxiety,0.9899882097321128,Medium
Anxiety,0.545478285874501,Medium
Anxiety,0.8883147154420414,Medium
Anxiety,0.5559233865293234,Medium
Normal,0.65220109250651,Low
Anxiety,0.9338285148426405,Medium
Anxiety,0.7646893416549453,Medium
Anxiety,0.5879637541038627,Medium
Anxiety,0.8082519438053549,Medium
Anxiety,0.895687840462692,Medium
Anxiety,0.8508819059493834,Medium
Anxiety,0.7846913193731823,Medium
Anxiety,0.7166695953399059,Medium
Normal,0.702641856019564,Low
Anxiety,0.9220742679120256,Medium
Anxiety,0.9678511096837557,Medium
Normal,0.7686874719870214,Low
Anxiety,0.8035438932253756,Medium
Anxiety,0.7238642615491206,Medium
Anxiety,0.6450320657942902,Medium
Anxiety,0.9603884721908305,Medium
Anxiety,0.9290721808447573,Medium
Anxiety,0.8269844367530264,Medium
Anxiety,0.7012523995867842,Medium
Anxiety,0.5767286275675187,Medium
Anxiety,0.5898405683637757,Medium
Anxiety,0.7011576193577505,Medium
Anxiety,0.8909704109353241,Medium
Anxiety,0.8919906127309687,Medium
Anxiety,0.6075955742930688,Medium
Anxiety,0.839077252067957,Medium
Anxiety,0.6552166154181666,Medium
Anxiety,0.8973082764942433,Medium
Anxiety,0.8350351835024656,Medium
Anxiety,0.8316613056209468,Medium
Anxiety,0.7842752253168279,Medium
Anxiety,0.9899882097321128,Medium
Anxiety,0.8756039839817915,Medium
Anxiety,0.8491179469455078,Medium
Anxiety,0.9678511096837557,Medium
Anxiety,0.604510726912483,Medium
Anxiety,0.7973777923989038,Medium
Normal,0.5642787837359101,Low
Anxiety,0.9625192147338151,Medium
Normal,0.7240185966025992,Low
Anxiety,0.5904219305135561,Medium
Anxiety,0.6802975046574654,Medium
Normal,0.7238884562384966,Low
Anxiety,0.6045914027786281,Medium
Anxiety,0.6393959604631678,Medium
Anxiety,0.998940044932226,Medium
Anxiety,0.8397119573544916,Medium
Anxiety,0.9166883689432975,Medium
Anxiety,0.6038702495883194,Medium
Anxiety,0.9508456661892678,Medium
Anxiety,0.8289218501259648,Medium
Anxiety,0.6861766816765283,Medium
Anxiety,0.8410231565748879,Medium
Anxiety,0.7416658420581382,Medium
Anxiety,0.8897127392737348,Medium
Anxiety,0.9522407202789271,Medium
Anxiety,0.9494206350206281,Medium
Anxiety,0.7202516680826103,Medium
Anxiety,0.5918705964542493,Medium
Anxiety,0.963308979939614,Medium
Normal,0.5673338290265567,Low
Anxiety,0.7641307172819818,Medium
Normal,0.5496089897929436,Low
Normal,0.6508731417819892,Low
Anxiety,0.7465910504700584,Medium
Anxiety,0.6625522393583101,Medium
Anxiety,0.9623904913313344,Medium
Anxiety,0.7616645864808439,Medium
Normal,0.6432392719042936,Low
Anxiety,0.7131702483389433,Medium
Anxiety,0.7018586355485662,Medium
Anxiety,0.9285478280431657,Medium
Normal,0.563297432670348,Low
Normal,0.7326953860574164,Low
Anxiety,0.8099090633124972,Medium
Anxiety,0.545478285874501,Medium
Normal,0.8170409261729761,Low
Anxiety,0.5042232878282777,Medium
Anxiety,0.819597404144647,Medium
Anxiety,0.5181194677036491,Medium
Anxiety,0.6320981841355069,Medium
Anxiety,0.9040553114625483,Medium
Anxiety,0.7664419672323372,Medium
Normal,0.6486785870514148,Low
Anxiety,0.8439349892332842,Medium
Anxiety,0.9685085168613109,Medium
Anxiety,0.971949461148274,Medium
Anxiety,0.8548999358038627,Medium
Anxiety,0.8512042215597029,Medium
Anxiety,0.8440457151184815,Medium
Anxiety,0.6244609538903401,Medium
Anxiety,0.6169643022801191,Medium
Anxiety,0.8896606125792567,Medium
Anxiety,0.766382753575144,Medium
Anxiety,0.8714026955187142,Medium
Normal,0.5510758386393987,Low
Anxiety,0.8241977306918192,Medium
Anxiety,0.6701943288963393,Medium
Anxiety,0.8105570150846815,Medium
Anxiety,0.9040462597384492,Medium
Anxiety,0.7034414679879692,Medium
Anxiety,0.8827150649404191,Medium
Anxiety,0.8528257072678608,Medium
Anxiety,0.6558157658096475,Medium
Anxiety,0.6478164159877212,Medium
Anxiety,0.673529908281977,Medium
Anxiety,0.8358917300380098,Medium
Anxiety,0.8540290871302336,Medium
Anxiety,0.8257279186957447,Medium
Anxiety,0.6811570219975398,Medium
Normal,0.6537139092936372,Low
Anxiety,0.8956386244232601,Medium
Normal,0.7125618495877278,Low
Anxiety,0.8643852277016385,Medium
Anxiety,0.9255316534757948,Medium
Anxiety,0.971949461148274,Medium
Anxiety,0.8269844367530264,Medium
Anxiety,0.7887642769599397,Medium
Anxiety,0.6764836483669036,Medium
Anxiety,0.9227634843643132,Medium
Anxiety,0.8015059941075521,Medium
Anxiety,0.927092571365733,Medium
Normal,0.6585834083210715,Low
Anxiety,0.9871109154751239,Medium
Anxiety,0.8072338338532987,Medium
Anxiety,0.9596341360842268,Medium
Normal,0.700127020018408,Low
Anxiety,0.7383683664912437,Medium
Anxiety,0.8256980975714894,Medium
Anxiety,0.85042034976809,Medium
Anxiety,0.7667475938370676,Medium
Anxiety,0.7059700446382557,Medium
Anxiety,0.7608104876288198,Medium
Anxiety,0.9494206350206281,Medium
Anxiety,0.6325531917597227,Medium
Anxiety,0.8493217386498305,Medium
Anxiety,0.9276005638069343,Medium
Normal,0.8291921698035355,Low
Anxiety,0.8455641004198503,Medium
Anxiety,0.7633060461222961,Medium
Anxiety,0.7984015697765228,Medium
Anxiety,0.7442166652031732,Medium
Anxiety,0.7119746789693064,Medium
Anxiety,0.8707516083399358,Medium
Anxiety,0.9731424375418861,Medium
Normal,0.6537139092936372,Low
Anxiety,0.8948280519563689,Medium
Anxiety,0.8314117220628622,Medium
Anxiety,0.662107062988861,Medium
Anxiety,0.7633031978166204,Medium
Anxiety,0.7863997321637795,Medium
Anxiety,0.8493750549826884,Medium
Anxiety,0.8224557270072229,Medium
Anxiety,0.7296604209573818,Medium
Normal,0.7053883368208002,Low
Anxiety,0.7538941744950931,Medium
Anxiety,0.7918646132741689,Medium
Anxiety,0.8468738124240445,Medium
Anxiety,0.8277978091839757,Medium
Anxiety,0.9705282637610484,Medium
Anxiety,0.9470186551054196,Medium
Anxiety,0.6151633682708547,Medium
Anxiety,0.850861781391865,Medium
Anxiety,0.601400411224198,Medium
Anxiety,0.8499803006278324,Medium
Anxiety,0.8532856050046578,Medium
Anxiety,0.6477266138444358,Medium
Anxiety,0.8505798074906923,Medium
Anxiety,0.6788477757351503,Medium
Anxiety,0.5701034675920543,Medium
Anxiety,0.9405815403509707,Medium
Normal,0.7877557505650353,Low
Normal,0.5338006044667847,Low
Anxiety,0.7006146139782228,Medium
Anxiety,0.6071501996275196,Medium
Anxiety,0.8690053839270095,Medium
Anxiety,0.929616217654101,Medium
Anxiety,0.7735963325756785,Medium
Anxiety,0.6516643313055981,Medium
Anxiety,0.7675662913189004,Medium
Anxiety,0.8308074537457284,Medium
Anxiety,0.8250778102500188,Medium
Anxiety,0.654149360387668,Medium
Normal,0.7901458636629425,Low
Anxiety,0.5499930148566108,Medium
Anxiety,0.871130898438572,Medium
Anxiety,0.793516124273608,Medium
Anxiety,0.6889647218022683,Medium
Anxiety,0.8077182904218594,Medium
Anxiety,0.735894723017322,Medium
Anxiety,0.7674080673277446,Medium
Anxiety,0.6754963989702442,Medium
Normal,0.836018450678732,Low
Anxiety,0.7556824650271067,Medium
Anxiety,0.6016911657486318,Medium
Anxiety,0.7535459576386511,Medium
Normal,0.6982977232189508,Low
Anxiety,0.8554007774693544,Medium
Anxiety,0.7411669461179838,Medium
Anxiety,0.8791128126416728,Medium
Anxiety,0.8489585496751304,Medium
Anxiety,0.6994299086151717,Medium
Anxiety,0.762737098479086,Medium
Anxiety,0.7703690342816898,Medium
Anxiety,0.628867941025615,Medium
Anxiety,0.8493317945741377,Medium
Anxiety,0.7006146139782228,Medium
Anxiety,0.8963967058934595,Medium
Anxiety,0.8498478591036874,Medium
Normal,0.7654139880935099,Low
Anxiety,0.6611878510236824,Medium
Anxiety,0.641844100148344,Medium
Anxiety,0.8829505673824558,Medium
Anxiety,0.971949461148274,Medium
Anxiety,0.8238974861028067,Medium
Anxiety,0.8809774337754409,Medium
Anxiety,0.900613890216981,Medium
Anxiety,0.9678511096837557,Medium
Anxiety,0.7587722617100456,Medium
Anxiety,0.7087099626075415,Medium
Anxiety,0.6823525634450034,Medium
Anxiety,0.8651190754980073,Medium
Anxiety,0.6754963989702442,Medium
Anxiety,0.6658134664826099,Medium
Anxiety,0.9639839811520854,Medium
Anxiety,0.8071111664874859,Medium
Anxiety,0.8901478602744335,Medium
Anxiety,0.7973777923989038,Medium
Anxiety,0.9276414215682495,Medium
Anxiety,0.811560884055853,Medium
Anxiety,0.8235280213409842,Medium
Anxiety,0.9606560858942309,Medium
Anxiety,0.8544325432276794,Medium
Anxiety,0.7807602794259135,Medium
Normal,0.6530898048921182,Low
Anxiety,0.7951932072629778,Medium
Anxiety,0.8348956935692293,Medium
Anxiety,0.6508746422976018,Medium
Anxiety,0.8523433991454188,Medium
Anxiety,0.8713534064410032,Medium
Normal,0.5949904819971968,Low
Anxiety,0.7415413911332941,Medium
Anxiety,0.5785279075239244,Medium
Anxiety,0.8812918193701802,Medium
Anxiety,0.8155440729785426,Medium
Anxiety,0.9494206350206281,Medium
Anxiety,0.7569260519908834,Medium
Anxiety,0.8592297581188608,Medium
Anxiety,0.9529145307901937,Medium
Anxiety,0.8361017065680262,Medium
Normal,0.7600362482591552,Low
Anxiety,0.5701034675920543,Medium
Anxiety,0.8581713723726789,Medium
Anxiety,0.6287943183114519,Medium
Anxiety,0.70343255927436,Medium
Anxiety,0.9146408861381241,Medium
Anxiety,0.8267127142783539,Medium
Anxiety,0.8186551139051688,Medium
Anxiety,0.9233424407219176,Medium
Anxiety,0.8470640705052299,Medium
Anxiety,0.8254454557472783,Medium
Anxiety,0.8512788052697979,Medium
Anxiety,0.921029421472773,Medium
Anxiety,0.9678511096837557,Medium
Anxiety,0.7213589275562876,Medium
Anxiety,0.9132402150104308,Medium
Normal,0.5534260663747729,Low
Anxiety,0.6328348639848651,Medium
Anxiety,0.7846549451359683,Medium
Anxiety,0.9287362754594265,Medium
Anxiety,0.7896439079290665,Medium
Anxiety,0.917281940465241,Medium
Anxiety,0.8965846344773774,Medium
Anxiety,0.7627009740475768,Medium
Anxiety,0.8746018692252457,Medium
Anxiety,0.8342682958408402,Medium
Anxiety,0.8885101017133848,Medium
Anxiety,0.9678511096837557,Medium
Anxiety,0.8976786847196419,Medium
Normal,0.8007543648538217,Low
Anxiety,0.9678511096837557,Medium
Anxiety,0.8948280519563689,Medium
Normal,0.6878561602848033,Low
Anxiety,0.7592171353141715,Medium
Normal,0.5096756604646634,Low
Anxiety,0.9105842095942778,Medium
Anxiety,0.545478285874501,Medium
Anxiety,0.5698407603073432,Medium
Anxiety,0.7922354999200053,Medium
Anxiety,0.7541334932936965,Medium
Anxiety,0.6723179243158373,Medium
Anxiety,0.832407261260825,Medium
Anxiety,0.6706196510189857,Medium
Anxiety,0.7426057314120482,Medium
Anxiety,0.8833284007997523,Medium
Anxiety,0.6710644192247228,Medium
Anxiety,0.8542821456159144,Medium
Normal,0.6712603055573849,Low
Anxiety,0.8702230927044249,Medium
Anxiety,0.9678511096837557,Medium
Anxiety,0.7455122624890853,Medium
Anxiety,0.769044424695145,Medium
Anxiety,0.9348487719184875,Medium
Anxiety,0.7656223779647289,Medium
Normal,0.6273443621113404,Low
Anxiety,0.6976252671669823,Medium
Anxiety,0.6539572990762192,Medium
Anxiety,0.7126981154007027,Medium
Anxiety,0.7131524532205609,Medium
Anxiety,0.5208546831205609,Medium
Anxiety,0.8269844367530264,Medium
Anxiety,0.7763640858613908,Medium
Anxiety,0.7004240893272341,Medium
Anxiety,0.8503932205210596,Medium
Anxiety,0.9678511096837557,Medium
Anxiety,0.8214171465955818,Medium
Anxiety,0.8990632304542758,Medium
Anxiety,0.9745441066465199,Medium
Anxiety,0.7718980237666477,Medium
Normal,0.7904092305555699,Low
Anxiety,0.9931943153139476,Medium
Anxiety,0.8143368387579538,Medium
Anxiety,0.9073565198467829,Medium
Normal,0.8544844831121676,Low
Anxiety,0.6512837236042166,Medium
Anxiety,0.6478149036358243,Medium
Anxiety,0.8131271029645625,Medium
Anxiety,0.8080331025347383,Medium
Anxiety,0.7235402734806721,Medium
Anxiety,0.8688385821282881,Medium
Anxiety,0.8430081918932817,Medium
Anxiety,0.7687272161825431,Medium
Anxiety,0.7180057519387792,Medium
Anxiety,0.9738446886175198,Medium
Normal,0.7813828319044256,Low
Anxiety,0.7009109886475202,Medium
Normal,0.5709715728893564,Low
Normal,0.747199101523224,Low
Anxiety,0.7765032530147359,Medium
Anxiety,0.7519256753916845,Medium
Anxiety,0.6601407666838635,Medium
Normal,0.7308766410084768,Low
Anxiety,0.8354751212413578,Medium
Normal,0.7196888386535493,Low
Normal,0.6537139092936372,Low
Normal,0.8782580646861234,Low
Normal,0.7931088950444407,Low
Normal,0.748689880163859,Low
Normal,0.7695736498083381,Low
Normal,0.7170452958680432,Low
Anxiety,0.7255866967724417,Medium
Normal,0.6520512802980072,Low
Anxiety,0.8470631085352555,Medium
Anxiety,0.6838870529508594,Medium
Anxiety,0.8630349679579894,Medium
Anxiety,0.7724252950694144,Medium
Normal,0.866280351425213,Low
Anxiety,0.636878057182269,Medium
Anxiety,0.8631679605195739,Medium
Anxiety,0.9678511096837557,Medium
Anxiety,0.9446867673564222,Medium
Anxiety,0.8802535187468252,Medium
Anxiety,0.9067451662362092,Medium
Anxiety,0.8848830791214579,Medium
Anxiety,0.6623259154474337,Medium
Normal,0.931749478087523,Low
Anxiety,0.7300213674749958,Medium
Anxiety,0.7802529521556076,Medium
Anxiety,0.7297774772180261,Medium
Anxiety,0.7155860869981843,Medium
Anxiety,0.793205923110988,Medium
Anxiety,0.8106583891280023,Medium
Anxiety,0.8670957771238028,Medium
Anxiety,0.69481877869686,Medium
Anxiety,0.931581381427221,Medium
Anxiety,0.7981046086158448,Medium
Anxiety,0.6933039721570045,Medium
Anxiety,0.5565137551451447,Medium
Anxiety,0.6308641598041431,Medium
Anxiety,0.5313948098112131,Medium
Anxiety,0.6998775141000868,Medium
Anxiety,0.7484188243235937,Medium
Anxiety,0.6840723132801869,Medium
Anxiety,0.5918954019468232,Medium
Anxiety,0.6668208990145424,Medium
Anxiety,0.6095454670115372,Medium
Anxiety,0.653400501704094,Medium
Anxiety,0.7576821915089932,Medium
Normal,0.6418659688003361,Low
Anxiety,0.8331112679046595,Medium
Normal,0.6499068924992935,Low
Anxiety,0.9799645847557069,Medium
Anxiety,0.8509337015571873,Medium
Anxiety,0.9931943153139476,Medium
Anxiety,0.7127814240095323,Medium
Anxiety,0.87376528093041,Medium
Anxiety,0.8713106074898843,Medium
Anxiety,0.7681075465462919,Medium
Anxiety,0.7049510446375638,Medium
Normal,0.7772614467562124,Low
Anxiety,0.7140985629195045,Medium
Anxiety,0.9623904913313344,Medium
Anxiety,0.7921265182045557,Medium
Normal,0.5421239854628371,Low
Anxiety,0.8184771184191287,Medium
Anxiety,0.9409422141935972,Medium
Anxiety,0.7358574565238624,Medium
Anxiety,0.8817677912929325,Medium
Anxiety,0.7499153093796866,Medium
Anxiety,0.8094515558642493,Medium
Anxiety,0.9713636639914389,Medium
Anxiety,0.9415691223342255,Medium
Anxiety,0.8249055514878715,Medium
Normal,0.5487091867455214,Low
Anxiety,0.5784179309582067,Medium
Anxiety,0.7113095989016571,Medium
Anxiety,0.8567082558822925,Medium
Anxiety,0.8105628162168588,Medium
Anxiety,0.6387079439909533,Medium
Anxiety,0.7639954825317213,Medium
Anxiety,0.6237506525492159,Medium
Anxiety,0.629709057665552,Medium
Anxiety,0.9005983262427611,Medium
Anxiety,0.8164507064972986,Medium
Anxiety,0.9714062141696757,Medium
Anxiety,0.9642443555969887,Medium
Anxiety,0.7670971090612182,Medium
Anxiety,0.8433439874792346,Medium
Anxiety,0.971949461148274,Medium
Anxiety,0.545478285874501,Medium
Anxiety,0.7947358985906812,Medium
Normal,0.6430418771333337,Low
Anxiety,0.5770045401765626,Medium
Anxiety,0.7464898527917206,Medium
Anxiety,0.7730616809121101,Medium
Anxiety,0.9594646785264058,Medium
Anxiety,0.7611071124821542,Medium
Anxiety,0.6266964801627357,Medium
Anxiety,0.6656975253365178,Medium
Anxiety,0.8311273158285739,Medium
Anxiety,0.8997683043725169,Medium
Anxiety,0.9085833490024994,Medium
Anxiety,0.8988316456880688,Medium
Anxiety,0.8793092966754603,Medium
Anxiety,0.8045544267604664,Medium
Anxiety,0.8466616574368142,Medium
Anxiety,0.6829535331315033,Medium
Anxiety,0.6830466484549995,Medium
Anxiety,0.7604982502477533,Medium
Anxiety,0.7870988101848987,Medium
Anxiety,0.6985802934818472,Medium
Anxiety,0.7730032332793247,Medium
Anxiety,0.9189682094932792,Medium
Anxiety,0.8714463825019154,Medium
Normal,0.915258721997012,Low
Anxiety,0.7387386132276521,Medium
Anxiety,0.5878852440896034,Medium
Anxiety,0.8389689501447015,Medium
Anxiety,0.8117737984814769,Medium
Anxiety,0.5925641036129411,Medium
Anxiety,0.9745441066465199,Medium
Anxiety,0.8037151470153203,Medium
Anxiety,0.6506903329813001,Medium
Anxiety,0.7750599685906929,Medium
Anxiety,0.7303789678435311,Medium
Anxiety,0.897108763051768,Medium
Anxiety,0.8561081160649413,Medium
Anxiety,0.6176999605090403,Medium
Anxiety,0.825432593330609,Medium
Anxiety,0.8395837299463422,Medium
Anxiety,0.6473147491224236,Medium
Anxiety,0.8808453382759805,Medium
Anxiety,0.8917792065818603,Medium
Anxiety,0.8053218787378498,Medium
Anxiety,0.7450409556428262,Medium
Anxiety,0.6147777213610688,Medium
Normal,0.7136316519582171,Low
Anxiety,0.9608322755628922,Medium
Anxiety,0.7662889765316417,Medium
Anxiety,0.8842167966919807,Medium
Anxiety,0.5772032603742376,Medium
Anxiety,0.545478285874501,Medium
Anxiety,0.8354235248415328,Medium
Anxiety,0.5489094708958779,Medium
Anxiety,0.9192740954179202,Medium
Anxiety,0.6815114473435928,Medium
Anxiety,0.8542821456159144,Medium
Anxiety,0.6856626759735156,Medium
Anxiety,0.8532573100564301,Medium
Anxiety,0.9483547970147214,Medium
Anxiety,0.8437685638503509,Medium
Normal,0.7055455837757734,Low
Anxiety,0.8012100087058809,Medium
Normal,0.6131206337162297,Low
Anxiety,0.7126778644658479,Medium
Anxiety,0.8019984512715934,Medium
Anxiety,0.7202454609822895,Medium
Anxiety,0.8864506356802558,Medium
Anxiety,0.733186590588939,Medium
Anxiety,0.8883485640917979,Medium
Anxiety,0.7579100454917012,Medium
Anxiety,0.9678511096837557,Medium
Anxiety,0.9409422141935972,Medium
Anxiety,0.762027495773747,Medium
Anxiety,0.7894160024975455,Medium
Anxiety,0.8042481484419516,Medium
Anxiety,0.6636757343148689,Medium
Anxiety,0.768602599334055,Medium
Normal,0.6719849931338242,Low
Anxiety,0.7717557551601262,Medium
Anxiety,0.9114631329895881,Medium
Anxiety,0.6270981383154666,Medium
Anxiety,0.6539208218727838,Medium
Anxiety,0.615209442722255,Medium
Anxiety,0.5938811793447939,Medium
Anxiety,0.8333029861717369,Medium
Anxiety,0.9178672659639322,Medium
Anxiety,0.8441813939384561,Medium
Anxiety,0.9172548645427026,Medium
Anxiety,0.6989267042079892,Medium
Anxiety,0.866981208374181,Medium
Anxiety,0.811394701163024,Medium
Anxiety,0.8842167966919807,Medium
Normal,0.5421239854628371,Low
Anxiety,0.970829769800546,Medium
Anxiety,0.9058375302055555,Medium
Anxiety,0.8616082987368849,Medium
Anxiety,0.6458352482375336,Medium
Anxiety,0.6633157597341162,Medium
Anxiety,0.7898350454093608,Medium
Normal,0.5904289863634269,Low
Anxiety,0.5371552285610381,Medium
Anxiety,0.8219807124358498,Medium
Anxiety,0.9311876168531947,Medium
Anxiety,0.7873079689042963,Medium
Anxiety,0.85448587700549,Medium
Anxiety,0.829181361353691,Medium
Anxiety,0.7162468966392939,Medium
Anxiety,0.7859599832917868,Medium
Anxiety,0.9596341360842268,Medium
Anxiety,0.8756970115316357,Medium
Normal,0.531587786976875,Low
Normal,0.5140548164132215,Low
Anxiety,0.6036377303573286,Medium
Anxiety,0.5073842342196038,Medium
Anxiety,0.8542821456159144,Medium
Anxiety,0.8196525412594436,Medium
Anxiety,0.8042229263853371,Medium
Anxiety,0.7106763173331974,Medium
Anxiety,0.9087848455579483,Medium
Anxiety,0.7754403142287242,Medium
Anxiety,0.9074346350511266,Medium
Normal,0.7791221431993881,Low
Anxiety,0.7087681522744822,Medium
Anxiety,0.7642194348553208,Medium
Anxiety,0.7698718017932232,Medium
Anxiety,0.9226400532386186,Medium
Anxiety,0.8311510929657686,Medium
Anxiety,0.771844970919825,Medium
Anxiety,0.7094973015283077,Medium
Anxiety,0.76394470217878,Medium
Anxiety,0.7331441713053011,Medium
Anxiety,0.7639719118598124,Medium
Anxiety,0.6455611768305256,Medium
Anxiety,0.672743220518292,Medium
Anxiety,0.8603383110274173,Medium
Anxiety,0.7304753494300573,Medium
Anxiety,0.8823104561352139,Medium
Normal,0.7212538423138641,Low
Anxiety,0.6072286404010383,Medium
Anxiety,0.6499688716016385,Medium
Anxiety,0.9463270813911637,Medium
Anxiety,0.8852885171037198,Medium
Anxiety,0.9678511096837557,Medium
Anxiety,0.738253204275978,Medium
Anxiety,0.8438236077642205,Medium
Anxiety,0.6856162324736312,Medium
Normal,0.5238882106457781,Low
Normal,0.8087963702473777,Low
Anxiety,0.7359085386384009,Medium
Anxiety,0.7119794855094946,Medium
Anxiety,0.8907135227617753,Medium
Anxiety,0.8170906619683019,Medium
Normal,0.5733509206094505,Low
Normal,0.6312401527975063,Low
Anxiety,0.8688140590600362,Medium
Anxiety,0.645096799210845,Medium
Anxiety,0.9678064349187927,Medium
Anxiety,0.7932352722773736,Medium
Anxiety,0.9397671775895751,Medium
Normal,0.9141897611386854,Low
Anxiety,0.6190492115291348,Medium
Normal,0.918228680399431,Low
Anxiety,0.8769147586788535,Medium
Anxiety,0.9267606371186847,Medium
Anxiety,0.9498890679366678,Medium
Anxiety,0.8491114100999357,Medium
Anxiety,0.9169189054256495,Medium
Anxiety,0.8611943664167823,Medium
Anxiety,0.6261881606781787,Medium
Anxiety,0.6407281967670639,Medium
Anxiety,0.6654201445413777,Medium
Anxiety,0.8696680139410922,Medium
Anxiety,0.884199403365382,Medium
Anxiety,0.5350081539206669,Medium
Anxiety,0.771124265774101,Medium
Anxiety,0.7542039281201646,Medium
Anxiety,0.7059829961248163,Medium
Anxiety,0.6986592838806982,Medium
Anxiety,0.865841758758033,Medium
Anxiety,0.9494206350206281,Medium
Anxiety,0.6661847979022444,Medium
Anxiety,0.7631923548322023,Medium
Anxiety,0.6708440902013435,Medium
Anxiety,0.7091463225576315,Medium
Anxiety,0.8683864890340895,Medium
Anxiety,0.5968149849465617,Medium
Anxiety,0.9815778548928193,Medium
Anxiety,0.8683682069524148,Medium
Anxiety,0.8613225109464686,Medium
Normal,0.7127017058803897,Low
Anxiety,0.704423649011136,Medium
Anxiety,0.6424346747012724,Medium
Normal,0.6844007405020558,Low
Anxiety,0.60114650486136,Medium
Anxiety,0.7593739613494729,Medium
Anxiety,0.8442745008862147,Medium
Anxiety,0.8456283923406325,Medium
Normal,0.8124208196867674,Low
Anxiety,0.8588854519403332,Medium
Anxiety,0.7500222509683518,Medium
Anxiety,0.8456228850487404,Medium
Anxiety,0.5940778425593842,Medium
Anxiety,0.6932610712140572,Medium
Anxiety,0.7725052321322466,Medium
Anxiety,0.7833947753619701,Medium
Anxiety,0.5037023749803138,Medium
Anxiety,0.8487487047241736,Medium
Anxiety,0.79414014234438,Medium
Normal,0.7818946661992799,Low
Anxiety,0.8269844367530264,Medium
Anxiety,0.6568412355003859,Medium
Anxiety,0.8611337320852066,Medium
Anxiety,0.7457065653509762,Medium
Anxiety,0.9360844024341926,Medium
Anxiety,0.7248314772515283,Medium
Anxiety,0.8792053829468044,Medium
Normal,0.749767579601362,Low
Anxiety,0.6632329780058461,Medium
Anxiety,0.8313186429165358,Medium
Anxiety,0.8782855906584882,Medium
Anxiety,0.7238693985035018,Medium
Anxiety,0.6532097378399042,Medium
Anxiety,0.6748293070235851,Medium
Anxiety,0.900613890216981,Medium
Anxiety,0.9829622800726222,Medium
Anxiety,0.6969029507958447,Medium
Normal,0.5421239854628371,Low
Anxiety,0.962814667495111,Medium
Anxiety,0.8292579960250486,Medium
Anxiety,0.9269946319627167,Medium
Anxiety,0.8552843386489737,Medium
Anxiety,0.7745613955775484,Medium
Anxiety,0.886798158809507,Medium
Anxiety,0.6401480411686182,Medium
Anxiety,0.8217332019710282,Medium
Anxiety,0.8472915991068778,Medium
Anxiety,0.8120460770901887,Medium
Anxiety,0.6467796174840197,Medium
Anxiety,0.9899882097321128,Medium
Anxiety,0.755948386035604,Medium
Anxiety,0.9162125493803701,Medium
Anxiety,0.6904744063270353,Medium
Anxiety,0.7165196754182387,Medium
Anxiety,0.7523305836823745,Medium
Normal,0.6103770943302737,Low
Anxiety,0.8586752347742221,Medium
Anxiety,0.8996813504863331,Medium
Normal,0.5386603430240108,Low
Anxiety,0.9745441066465199,Medium
Normal,0.5319683320082036,Low
Anxiety,0.9302697359881311,Medium
Normal,0.5464278769669533,Low
Anxiety,0.7758886127240564,Medium
Anxiety,0.6053927559687663,Medium
Anxiety,0.9931943153139476,Medium
Anxiety,0.744911413505328,Medium
Normal,0.5316983543875333,Low
Anxiety,0.6729853614248851,Medium
Anxiety,0.8720117871487012,Medium
Anxiety,0.8058524552528048,Medium
Anxiety,0.8598634367357605,Medium
Anxiety,0.8519307071091421,Medium
Anxiety,0.6957142428759362,Medium
Anxiety,0.8596176230944154,Medium
Normal,0.6661475720146519,Low
Anxiety,0.7992051941308076,Medium
Anxiety,0.9375577476835233,Medium
Anxiety,0.5996594391445832,Medium
Anxiety,0.8408404815941785,Medium
Anxiety,0.8729800075639588,Medium
Anxiety,0.6993483316867861,Medium
Normal,0.6810958133312338,Low
Anxiety,0.9153030515618676,Medium
Anxiety,0.5617931867146155,Medium
Anxiety,0.8062060989748556,Medium
Anxiety,0.9494206350206281,Medium
Anxiety,0.6842085812404133,Medium
Normal,0.9608433252705089,Low
Normal,0.8295217352731648,Low
Normal,0.8880202008909402,Low
Normal,0.9365642599791066,Low
Normal,0.7727701833792415,Low
Normal,0.8927228111710731,Low
Normal,0.5754235450179473,Low
Anxiety,0.6654363319927779,Medium
Normal,0.6251150386869878,Low
Normal,0.878510973673671,Low
Normal,0.835744174169253,Low
Normal,0.8813367360045299,Low
Normal,0.8407122324017542,Low
Normal,0.885841400539943,Low
Anxiety,0.5478544096731219,Medium
Normal,0.8572590493746126,Low
Normal,0.6464412432472915,Low
Anxiety,0.7963980756045078,Medium
Normal,0.9048640596453669,Low
Normal,0.8937657927656318,Low
Normal,0.9271519402268544,Low
Normal,0.8194066315403535,Low
Normal,0.918931417590383,Low
Normal,0.9486010508391293,Low
Normal,0.8820490617835396,Low
Normal,0.8749089255735114,Low
Normal,0.8589200357680215,Low
Normal,0.929655744522852,Low
Normal,0.9077196910457365,Low
Normal,0.9375852038019221,Low
Normal,0.8757855314306808,Low
Normal,0.80150936770083,Low
Normal,0.8990151810727262,Low
Normal,0.9739833740329567,Low
Normal,0.917212415807941,Low
Normal,0.5997873376024055,Low
Normal,0.9312706960546528,Low
Normal,0.9680356154083238,Low
Normal,0.8778874193028452,Low
Normal,0.8782580646861234,Low
Normal,0.9684352959257991,Low
Normal,0.913447519603605,Low
Normal,0.9058908910115614,Low
Normal,0.9040306324720112,Low
Normal,0.8848779410162138,Low
Normal,0.9607134426887681,Low
Normal,0.9690353682283399,Low
Normal,0.8539287115955647,Low
Normal,0.8896022677841758,Low
Anxiety,0.5445745886242491,Medium
Normal,0.781735654322885,Low
Normal,0.9640446476239772,Low
Normal,0.7833131550317097,Low
Normal,0.8071123187026894,Low
Normal,0.8796297894046327,Low
Normal,0.9646422559547689,Low
Normal,0.8804225183808057,Low
Anxiety,0.6662007955435874,Medium
Normal,0.6424929810679505,Low
Normal,0.9071236779386684,Low
Normal,0.884736848330463,Low
Normal,0.8915088203638798,Low
Normal,0.8980993899801858,Low
Normal,0.9262658708635843,Low
Normal,0.9672812094667452,Low
Normal,0.8940993727535995,Low
Normal,0.8782580646861234,Low
Normal,0.9550238545642283,Low
Normal,0.7898328833335263,Low
Normal,0.8948545981534755,Low
Normal,0.9009871135056351,Low
Normal,0.8633918312652541,Low
Anxiety,0.5797729613728246,Medium
Normal,0.9656411540012952,Low
Normal,0.9576889401776572,Low
Anxiety,0.6368728904611054,Medium
Normal,0.9490563996628146,Low
Normal,0.8286969050962883,Low
Normal,0.8964472279188385,Low
Normal,0.8101827036136581,Low
Normal,0.8940359721345584,Low
Normal,0.8699432295227923,Low
Anxiety,0.555549355914666,Medium
Normal,0.8470245990154849,Low
Normal,0.9086406087893203,Low
Anxiety,0.7613606621462982,Medium
Normal,0.8366961768605335,Low
Normal,0.8844716423309692,Low
Normal,0.9576908294330151,Low
Normal,0.9054430018947462,Low
Normal,0.9676493495645603,Low
Normal,0.8817876848852709,Low
Normal,0.870718004780006,Low
Normal,0.9009822062055092,Low
Normal,0.8262870227488204,Low
Normal,0.9391446123501854,Low
Normal,0.90262876031455,Low
Normal,0.8705333383133593,Low
Normal,0.7802208476936172,Low
Normal,0.8946248832336877,Low
Normal,0.7891194101802085,Low
Normal,0.9205343061838578,Low
Normal,0.922897376256325,Low
Normal,0.664678807404054,Low
Normal,0.8846293204670934,Low
Normal,0.8782580646861234,Low
Normal,0.9792018598216344,Low
Normal,0.887419930136282,Low
Normal,0.9527129661220737,Low
Normal,0.8825553059844115,Low
Anxiety,0.5081123972854678,Medium
Normal,0.8626245051522229,Low
Anxiety,0.5740186774516051,Medium
Normal,0.9722220322061635,Low
Normal,0.8754516070304194,Low
Normal,0.91230746671641,Low
Normal,0.8896022677841758,Low
Normal,0.8647548117119352,Low
Normal,0.8931613387368627,Low
Normal,0.9216335060087248,Low
Normal,0.8954375793055274,Low
Normal,0.8945833288968393,Low
Normal,0.909556887103942,Low
Normal,0.9378405701768422,Low
Normal,0.9134912540209773,Low
Normal,0.8221214099659637,Low
Normal,0.9193875033295924,Low
Normal,0.90312356407777,Low
Normal,0.9263608465378699,Low
Normal,0.9069096552012922,Low
Normal,0.7834408301034214,Low
Normal,0.8782580646861234,Low
Normal,0.8880264951661851,Low
Normal,0.8177783970974597,Low
Normal,0.9198791787792456,Low
Normal,0.730053324672935,Low
Normal,0.9438194797292226,Low
Normal,0.8736641468721497,Low
Normal,0.9555163201145225,Low
Normal,0.9515274549967218,Low
Normal,0.9262475480383138,Low
Normal,0.8865181245083151,Low
Normal,0.8985553523370751,Low
Normal,0.8461652183071088,Low
Normal,0.8013149419345517,Low
Normal,0.8114761373420674,Low
Normal,0.8488042111781662,Low
Normal,0.951631372929552,Low
Normal,0.9125851503385238,Low
Normal,0.9429995856263712,Low
Normal,0.9650233768329918,Low
Normal,0.9315057037817737,Low
Normal,0.8621508249695473,Low
Normal,0.8763337559942576,Low
Normal,0.8615736365920413,Low
Normal,0.8707095314169441,Low
Normal,0.9024782531468231,Low
Normal,0.8208965703515846,Low
Normal,0.7069855847566234,Low
Normal,0.9414923657525349,Low
Normal,0.812050897321077,Low
Normal,0.8895778996516859,Low
Normal,0.8782580646861234,Low
Normal,0.8782580646861234,Low
Normal,0.812050897321077,Low
Normal,0.9232822290671057,Low
Normal,0.8776900946708828,Low
Normal,0.9254444527888449,Low
Normal,0.8784937556355771,Low
Normal,0.7868844798296254,Low
Anxiety,0.5947774716485622,Medium
Normal,0.8782580646861234,Low
Normal,0.6982306159352043,Low
Normal,0.8863539087259658,Low
Normal,0.9115317488424265,Low
Normal,0.8991201550921197,Low
Normal,0.8896022677841758,Low
Normal,0.9689396317899426,Low
Normal,0.9438524405746309,Low
Normal,0.9323798487557566,Low
Normal,0.9340115231425502,Low
Normal,0.9101655687964582,Low
Normal,0.700916391338637,Low
Normal,0.9652699523132285,Low
Normal,0.9698949082924415,Low
Normal,0.9028149227280843,Low
Anxiety,0.5773321880498664,Medium
Normal,0.830556114521152,Low
Normal,0.8782580646861234,Low
Normal,0.9634809114608172,Low
Normal,0.8992863500242809,Low
Normal,0.8449438493881508,Low
Normal,0.8556760949240637,Low
Normal,0.7512024235837312,Low
Normal,0.9512644078693723,Low
Normal,0.7081933431187998,Low
Anxiety,0.5917838617845603,Medium
Normal,0.905069516857378,Low
Normal,0.8782580646861234,Low
Normal,0.8576999680504848,Low
Normal,0.9649406395057136,Low
Normal,0.8895778698513102,Low
Normal,0.9253165065558363,Low
Normal,0.5667187790168166,Low
Normal,0.8782580646861234,Low
Normal,0.880020978259146,Low
Normal,0.9060636023420854,Low
Normal,0.8135771189456955,Low
Normal,0.8527983405831892,Low
Normal,0.8946061278875019,Low
Normal,0.8980193237522849,Low
Normal,0.9602011393000197,Low
Normal,0.9079770711365434,Low
Normal,0.8782580646861234,Low
Normal,0.7013346565392496,Low
Normal,0.9139054315160535,Low
Normal,0.9237312425654042,Low
Normal,0.9013770829961774,Low
Normal,0.9134057871671845,Low
Anxiety,0.5815762533675134,Medium
Normal,0.6144986990983222,Low
Normal,0.9113618124562662,Low
Normal,0.857075584242946,Low
Normal,0.8646253659046397,Low
Normal,0.8705385081952182,Low
Normal,0.9698626373610513,Low
Normal,0.60678190272755,Low
Normal,0.9136710111559041,Low
Normal,0.9115611239442614,Low
Normal,0.8931952050091431,Low
Normal,0.9595834598998284,Low
Normal,0.9082840895042379,Low
Normal,0.907226221459614,Low
Anxiety,0.5467213536890974,Medium
Normal,0.8273062372335473,Low
Normal,0.878709057611427,Low
Normal,0.9459658027746312,Low
Normal,0.946049049779329,Low
Anxiety,0.6095989113176981,Medium
Normal,0.9121910574279574,Low
Normal,0.7666582020887555,Low
Normal,0.8784949923114707,Low
Normal,0.8665464149279044,Low
Normal,0.8650915549639002,Low
Normal,0.9428800915237449,Low
Normal,0.883739262660763,Low
Normal,0.8985553523370751,Low
Normal,0.9451793668133043,Low
Anxiety,0.737151692804014,Medium
Normal,0.8643168454232617,Low
Normal,0.8896022677841758,Low
Normal,0.9016505856123869,Low
Normal,0.9199432711250201,Low
Normal,0.956839310532661,Low
Anxiety,0.5487350349161229,Medium
Normal,0.9466220405022097,Low
Normal,0.9658294774349783,Low
Anxiety,0.5991509571249722,Medium
Normal,0.9640446476239772,Low
Normal,0.9748081512760948,Low
Normal,0.9537609995780927,Low
Normal,0.8969059972035326,Low
Normal,0.8922574248810449,Low
Normal,0.9374491653952622,Low
Normal,0.9426785115113961,Low
Normal,0.8838730032488477,Low
Normal,0.9009600739244036,Low
Normal,0.792852839171182,Low
Normal,0.8242856496580805,Low
Normal,0.926502395588439,Low
Normal,0.7067726329394171,Low
Normal,0.8937796737769932,Low
Normal,0.8882832375274806,Low
Normal,0.8882526301401485,Low
Normal,0.8681622341972932,Low
Normal,0.8981043151489033,Low
Normal,0.856169933701698,Low
Normal,0.942706125242909,Low
Normal,0.96254305721441,Low
Normal,0.8891021665430154,Low
Normal,0.8738784683361622,Low
Normal,0.8628638802962543,Low
Anxiety,0.5063669139254066,Medium
Normal,0.8962208379159184,Low
Normal,0.8506745769909686,Low
Normal,0.8989535848015989,Low
Normal,0.6553083096550392,Low
Normal,0.9502444935188271,Low
Normal,0.9498544697763587,Low
Normal,0.8177813169728833,Low
Normal,0.9716651234766391,Low
Normal,0.953352178013844,Low
Normal,0.9673314560072249,Low
Normal,0.9542143379330091,Low
Normal,0.8248712865103516,Low
Normal,0.9269170191694386,Low
Normal,0.6873818348358177,Low
Normal,0.9415458788444535,Low
Normal,0.9604728426155134,Low
Normal,0.9604513116708606,Low
Normal,0.9221261510226862,Low
Normal,0.8336267894557663,Low
Normal,0.9579698099418368,Low
Normal,0.8913359994439026,Low
Normal,0.8954547149971885,Low
Normal,0.8993005507099033,Low
Normal,0.8782580646861234,Low
Normal,0.9150170205822633,Low
Normal,0.6455554742701192,Low
Normal,0.8940438770611498,Low
Anxiety,0.5269984983570517,Medium
Anxiety,0.5849662161587814,Medium
Normal,0.9640446476239772,Low
Normal,0.7444756799757308,Low
Normal,0.8592103608996009,Low
Normal,0.9119538288474629,Low
Normal,0.9409551158072917,Low
Normal,0.9729242247853412,Low
Normal,0.8847601954335886,Low
Normal,0.9595507519700263,Low
Normal,0.8936628944022587,Low
Normal,0.9414141049151029,Low
Normal,0.8648784613660611,Low
Normal,0.8749474696067592,Low
Normal,0.9317092739803788,Low
Normal,0.887701850822896,Low
Normal,0.6853189317515457,Low
Normal,0.8922574248810449,Low
Normal,0.9495761940924908,Low
Normal,0.9677117687915785,Low
Normal,0.8927950583230158,Low
Normal,0.946049049779329,Low
Normal,0.9153776231637349,Low
Normal,0.9140157978703215,Low
Normal,0.885538765226764,Low
Normal,0.9328959498311095,Low
Normal,0.8943376134697334,Low
Normal,0.87933246776039,Low
Normal,0.8896022677841758,Low
Normal,0.9522467023949706,Low
Normal,0.788089221415575,Low
Normal,0.952105351618099,Low
Normal,0.8427820995513132,Low
Normal,0.9594497650109239,Low
Normal,0.79960644149504,Low
Normal,0.7273926178107094,Low
Normal,0.6704786964050443,Low
Normal,0.8748143694004238,Low
Normal,0.7681052015447324,Low
Normal,0.9640446476239772,Low
Normal,0.9077196910457365,Low
Normal,0.9267948386551611,Low
Normal,0.8691726617574642,Low
Normal,0.7899702115382286,Low
Normal,0.8619983028910815,Low
Normal,0.9009376858508727,Low
Normal,0.8729279258710284,Low
Normal,0.8782580646861234,Low
Normal,0.9009277968069113,Low
Normal,0.8876982556015062,Low
Normal,0.8869842114611256,Low
Normal,0.625919613444103,Low
Normal,0.8892898461364647,Low
Normal,0.9657323700174919,Low
Normal,0.9171828294434644,Low
Normal,0.9141512805658534,Low
Normal,0.7178499082116961,Low
Normal,0.846456168546062,Low
Normal,0.9017413478434293,Low
Anxiety,0.6124419306728812,Medium
Normal,0.8118087972028214,Low
Normal,0.9441249185918009,Low
Normal,0.8013561739271378,Low
Normal,0.9004765167707863,Low
Normal,0.8488039746309427,Low
Normal,0.8861243686251835,Low
Normal,0.8860223445274505,Low
Normal,0.8933296486601039,Low
Normal,0.8981198428640396,Low
Normal,0.701037091660716,Low
Normal,0.9411175442767091,Low
Normal,0.9086603266552942,Low
Normal,0.8892793842429314,Low
Normal,0.9041673993860706,Low
Normal,0.8308062824053366,Low
Normal,0.8963390658305594,Low
Normal,0.8888762513572198,Low
Normal,0.9102171050657091,Low
Normal,0.9314144033640561,Low
Normal,0.8218951026273578,Low
Normal,0.7950383674317354,Low
Normal,0.9078244915665835,Low
Normal,0.6852801095347222,Low
Normal,0.8421587363836264,Low
Normal,0.7735472115719633,Low
Anxiety,0.5202953748125148,Medium
Normal,0.9380203927636702,Low
Normal,0.7634626136461844,Low
Normal,0.8943012305381409,Low
Normal,0.8765383274076776,Low
Normal,0.9370662387430239,Low
Normal,0.8875625077753402,Low
Normal,0.8890881229007576,Low
Normal,0.9409071093510671,Low
Normal,0.885073344983671,Low
Normal,0.8782580646861234,Low
Normal,0.9087724435392007,Low
Normal,0.967234547035658,Low
Normal,0.8114761373420674,Low
Normal,0.8782580646861234,Low
Normal,0.9717475747047357,Low
Normal,0.9720978308501297,Low
Normal,0.8826852641506737,Low
Normal,0.8933787510076187,Low
Normal,0.8962798514073516,Low
Normal,0.8941585301189445,Low
Normal,0.9286573741822903,Low
Normal,0.9004298605626153,Low
Normal,0.6793801334516473,Low
Normal,0.7924544325137176,Low
Normal,0.9093485357593514,Low
Normal,0.8951504345295632,Low
Normal,0.8157650513061235,Low
Normal,0.6533031268371613,Low
Normal,0.8827586307747459,Low
Normal,0.7985043905489326,Low
Normal,0.8929547432452047,Low
Normal,0.8782580646861234,Low
Normal,0.844213789879332,Low
Normal,0.9288574242810135,Low
Normal,0.9138610881884377,Low
Normal,0.8896022677841758,Low
Normal,0.8895801774742783,Low
Normal,0.8375941696431706,Low
Normal,0.8884528621410319,Low
Normal,0.8896022677841758,Low
Normal,0.7686947408308583,Low
Normal,0.8827922601605162,Low
Normal,0.8482413400729454,Low
Normal,0.5335010272834609,Low
Normal,0.9103739927890945,Low
Anxiety,0.5034282696771424,Medium
Normal,0.8969185991695838,Low
Normal,0.8993164787022294,Low
Normal,0.8885975282105323,Low
Normal,0.9690113370849491,Low
Normal,0.8873148935286368,Low
Normal,0.8998701439916355,Low
Normal,0.8443571518157459,Low
Normal,0.835255995007964,Low
Normal,0.795117650371564,Low
Normal,0.7917096711049756,Low
Normal,0.9358231641227003,Low
Normal,0.9490385104527344,Low
Normal,0.8782580646861234,Low
Normal,0.8944432472331615,Low
Normal,0.8254059204786399,Low
Normal,0.7036820931846087,Low
Normal,0.883422681545846,Low
Normal,0.9150379429141154,Low
Normal,0.8896022677841758,Low
Normal,0.9188528099359079,Low
Normal,0.8814573773318045,Low
Normal,0.8466526343266852,Low
Normal,0.9057935574853176,Low
Normal,0.9577180050632899,Low
Normal,0.9435622320595158,Low
Anxiety,0.5919141716835676,Medium
Normal,0.967556575457286,Low
Anxiety,0.5608986279746077,Medium
Normal,0.8141743304544973,Low
Normal,0.8996646102454824,Low
Normal,0.9479353364790123,Low
Normal,0.8192207869925415,Low
Normal,0.8969561420123967,Low
Anxiety,0.5867672402295369,Medium
Normal,0.8982179042886655,Low
Anxiety,0.7292666166235496,Medium
Normal,0.858754027656936,Low
Normal,0.8404738218195008,Low
Normal,0.8556758169442729,Low
Normal,0.9184697941338884,Low
Normal,0.9335804778340445,Low
Normal,0.8704071828227098,Low
Anxiety,0.6733610626188343,Medium
Normal,0.8782580646861234,Low
Normal,0.5522454886131397,Low
Normal,0.8820295183394827,Low
Normal,0.9070021652181253,Low
Normal,0.9252925698495384,Low
Normal,0.9029965118581992,Low
Normal,0.8057762161434379,Low
Normal,0.9292837246497436,Low
Anxiety,0.7090191685006364,Medium
Normal,0.8889531899185045,Low
Normal,0.8675087623587397,Low
Normal,0.8266063005495782,Low
Normal,0.8951508281765488,Low
Normal,0.901039707192264,Low
Normal,0.9118847141875706,Low
Normal,0.5939910897694276,Low
Normal,0.8348549307611788,Low
Normal,0.7726951214617828,Low
Normal,0.8943832251234352,Low
Normal,0.7668756936099697,Low
Normal,0.9555163201145225,Low
Normal,0.952656351085262,Low
Normal,0.8825885792921659,Low
Normal,0.9722352012267235,Low
Normal,0.8864405392894985,Low
Normal,0.8576282341470074,Low
Anxiety,0.5667867643755926,Medium
Normal,0.8992253220179242,Low
Normal,0.8578890960348506,Low
Normal,0.946049049779329,Low
Normal,0.935547546796104,Low
Normal,0.9661562020978454,Low
Normal,0.8859109331690064,Low
Normal,0.886870885753919,Low
Normal,0.9126348435300088,Low
Normal,0.8939066619955911,Low
Normal,0.8670785398482904,Low
Anxiety,0.5376023570177877,Medium
Normal,0.9371077612465479,Low
Normal,0.8819091326657,Low
Normal,0.8132363423093271,Low
Normal,0.9013752284228245,Low
Normal,0.8728122553858341,Low
Normal,0.937588103946191,Low
Normal,0.8153684074372839,Low
Normal,0.9017747846523336,Low
Normal,0.8725997849999803,Low
Normal,0.8784588744181857,Low
Normal,0.8853613267187082,Low
Normal,0.9591783025131658,Low
Normal,0.9020601892269501,Low
Normal,0.524128675056425,Low
Normal,0.8491368776897874,Low
Normal,0.8962885848662999,Low
Normal,0.8426042947764957,Low
Normal,0.8201371299963716,Low
Normal,0.8784575099446341,Low
Normal,0.9185179368714416,Low
Normal,0.8940837790834414,Low
Normal,0.9378053058188384,Low
Normal,0.9149667379561267,Low
Normal,0.682058138695917,Low
Normal,0.9596902964005891,Low
Normal,0.8907276500236213,Low
Normal,0.8782580646861234,Low
Normal,0.9718226092304685,Low
Normal,0.8998084355129431,Low
Anxiety,0.6026126097091219,Medium
Normal,0.9657010519329636,Low
Normal,0.6162884261522859,Low
Normal,0.946049049779329,Low
Normal,0.9549494758523057,Low
Normal,0.8948127865495495,Low
Normal,0.8922436933823837,Low
Normal,0.8852446830184266,Low
Normal,0.9138276362989698,Low
Normal,0.8782580646861234,Low
Normal,0.9665645553760066,Low
Normal,0.8157650513061235,Low
Normal,0.8790160767981108,Low
Normal,0.9226157593415114,Low
Normal,0.9047154476960937,Low
Normal,0.900613566922959,Low
Normal,0.857546856282969,Low
Anxiety,0.5830306022027321,Medium
Normal,0.9400405778404227,Low
Normal,0.9037922783460113,Low
Normal,0.8009131143939204,Low
Normal,0.8591580465913696,Low
Normal,0.8946983350999388,Low
Normal,0.9618677184862731,Low
Normal,0.8542308265916513,Low
Normal,0.9171828294434644,Low
Normal,0.857860540035347,Low
Normal,0.9181962747232618,Low
Normal,0.6931206527587687,Low
Normal,0.8151201948189851,Low
Normal,0.9082046309516232,Low
Normal,0.8782580646861234,Low
Normal,0.8455776483398882,Low
Normal,0.8976454942012329,Low
Normal,0.87881570958892,Low
Normal,0.9533903727998213,Low
Normal,0.9119865656922553,Low
Normal,0.9088627961519247,Low
Normal,0.6594985285370025,Low
Normal,0.946049049779329,Low
Normal,0.9052624028050253,Low
Normal,0.9604019955341766,Low
Normal,0.8224743014215283,Low
Normal,0.959151598042634,Low
Normal,0.8968366870424073,Low
Normal,0.7485668178952339,Low
Normal,0.8766242745689775,Low
Normal,0.5047779952055551,Low
Normal,0.7974826034716338,Low
Normal,0.8316185860229259,Low
Normal,0.955214287507431,Low
Normal,0.9549435608827835,Low
Normal,0.8986765941800138,Low
Anxiety,0.5134617160464101,Medium
Normal,0.661744270828206,Low
Normal,0.9224589348171396,Low
Normal,0.9014190255253262,Low
Normal,0.9076498496480346,Low
Normal,0.8772085578517328,Low
Normal,0.6002228341645803,Low
Normal,0.8782580646861234,Low
Normal,0.906208969595273,Low
Normal,0.9640446476239772,Low
Normal,0.9448992456727019,Low
Normal,0.8184173749062152,Low
Normal,0.888937034471466,Low
Normal,0.9600402875457468,Low
Normal,0.9314546306558492,Low
Normal,0.9060920889375867,Low
Normal,0.8896022677841758,Low
Normal,0.8838136837783375,Low
Normal,0.8782580646861234,Low
Normal,0.8937302528086998,Low
Normal,0.9336500584931628,Low
Normal,0.8935469366878194,Low
Normal,0.8424103216049934,Low
Normal,0.7911218475355096,Low
Normal,0.9337633403164213,Low
Normal,0.933737543251007,Low
Normal,0.8782580646861234,Low
Normal,0.892086866277311,Low
Normal,0.9464644042782353,Low
Normal,0.9197001941540024,Low
Normal,0.8782580646861234,Low
Normal,0.8923098243515254,Low
Normal,0.9080925208729517,Low
Normal,0.9188427865073593,Low
Normal,0.8967795991870297,Low
Normal,0.8931883120647395,Low
Normal,0.7828599359758497,Low
Normal,0.9267254242020886,Low
Normal,0.9077920044498847,Low
Normal,0.6997972633134036,Low
Normal,0.8782580646861234,Low
Normal,0.8782580646861234,Low
Normal,0.9466259497505586,Low
Normal,0.8339096601436987,Low
Normal,0.9652304988125567,Low
Normal,0.9484053035144566,Low
Normal,0.9395748449067174,Low
Normal,0.9647541153096976,Low
Normal,0.9632365503493748,Low
Normal,0.9625758182487079,Low
Normal,0.8782580646861234,Low
Normal,0.8543130579898671,Low
Normal,0.8696327336221202,Low
Normal,0.8737214949577016,Low
Normal,0.9303603184472276,Low
Normal,0.9063052559320564,Low
Normal,0.9439989482860836,Low
Normal,0.8217315226623954,Low
Normal,0.8851849200898233,Low
Normal,0.8631082828598469,Low
Normal,0.8704089166789553,Low
Normal,0.8974708649213249,Low
Normal,0.7727574648934976,Low
Normal,0.9515911838317365,Low
Normal,0.8409617280882064,Low
Normal,0.8082911816359075,Low
Normal,0.9428266912788761,Low
Normal,0.9367761469100596,Low
Normal,0.9515413864972665,Low
Normal,0.6375000273582994,Low
Normal,0.9391794189684393,Low
Normal,0.8824381209418891,Low
Normal,0.917660078191449,Low
Normal,0.9276179975813281,Low
Normal,0.8479239734589491,Low
Anxiety,0.6501982859147597,Medium
Normal,0.954624636250303,Low
Normal,0.9091666927266903,Low
Normal,0.709413185583632,Low
Normal,0.8725922539195543,Low
Normal,0.9091956784761147,Low
Normal,0.9134691266365272,Low
Normal,0.9344055309982398,Low
Normal,0.9735941326289196,Low
Normal,0.9247537216507232,Low
Normal,0.889486802655008,Low
Normal,0.8859994181288525,Low
Normal,0.8984218636638865,Low
Normal,0.8126280571007038,Low
Normal,0.9064889785544211,Low
Normal,0.8413423412307489,Low
Normal,0.9295618142719487,Low
Normal,0.9347620750388067,Low
Normal,0.7796649568220175,Low
Normal,0.9324673437527674,Low
Normal,0.8948406979410481,Low
Normal,0.9237130463260158,Low
Normal,0.9060795492544151,Low
Normal,0.8976287295299906,Low
Normal,0.8864528920553947,Low
Normal,0.8817793125622704,Low
Normal,0.9299029770148473,Low
Normal,0.9392328811991476,Low
Normal,0.8650915549639002,Low
Normal,0.9449069448666072,Low
Normal,0.9188840682516742,Low
Normal,0.8957061505647029,Low
Normal,0.911762395965818,Low
Normal,0.8706366297521043,Low
Normal,0.9339273758212546,Low
Normal,0.8782580646861234,Low
Normal,0.8946172511571977,Low
Normal,0.9028549167697637,Low
Normal,0.8988614833138044,Low
Normal,0.8896022677841758,Low
Normal,0.8909424663519808,Low
Normal,0.897373591765093,Low
Normal,0.8258547780070162,Low
Normal,0.8524513864868967,Low
Normal,0.9221717671673606,Low
Anxiety,0.5370910823232409,Medium
Normal,0.9550566264449728,Low
Normal,0.7696541830883025,Low
Normal,0.8896022677841758,Low
Anxiety,0.503747267683859,Medium
Normal,0.9352050663861784,Low
Normal,0.8782580646861234,Low
Normal,0.8714831939222117,Low
Normal,0.9166601498959068,Low
Normal,0.8874413715820294,Low
Normal,0.9012380496368118,Low
Normal,0.8938444459053537,Low
Normal,0.9030588456565686,Low
Normal,0.880868814863025,Low
Normal,0.9084038846912035,Low
Normal,0.8869068085478048,Low
Normal,0.9221717671673606,Low
Normal,0.9158722132456927,Low
Normal,0.8955322990236367,Low
Normal,0.9580587229193157,Low
Normal,0.8228266266304205,Low
Normal,0.9691960482897343,Low
Normal,0.9026717487783722,Low
Normal,0.9300341007544117,Low
Normal,0.7967947360904393,Low
Normal,0.9336113137276872,Low
Anxiety,0.541487140754018,Medium
Normal,0.870302524698509,Low
Normal,0.9420202665581268,Low
Normal,0.9260925677053949,Low
Normal,0.9143998809954932,Low
Normal,0.9580587229193157,Low
Normal,0.8945659017510614,Low
Normal,0.9192186470868942,Low
Normal,0.8605987013690922,Low
Normal,0.7793221553566659,Low
Normal,0.8493393397244182,Low
Normal,0.9601402080962266,Low
Normal,0.8746611763370663,Low
Normal,0.9435667563521577,Low
Normal,0.9179879445220225,Low
Anxiety,0.5916561314577955,Medium
Normal,0.9605678695263151,Low
Normal,0.909320228936906,Low
Normal,0.8594609411347923,Low
Normal,0.8764633754497217,Low
Normal,0.8763448277791213,Low
Normal,0.9555163201145225,Low
Normal,0.8572484178243368,Low
Normal,0.9432723075595993,Low
Normal,0.9023684011528299,Low
Normal,0.896590886738342,Low
Normal,0.871533418143303,Low
Normal,0.7734616621080809,Low
Normal,0.922614230716115,Low
Normal,0.8687420761601543,Low
Normal,0.8380156401196542,Low
Normal,0.8866943374020932,Low
Normal,0.9024287050390533,Low
Normal,0.9713995058986507,Low
Normal,0.8903734961496933,Low
Normal,0.8703273493331554,Low
Normal,0.9255103908726949,Low
Normal,0.8498582815603574,Low
Normal,0.8823735973244025,Low
Normal,0.9115437912987203,Low
Normal,0.8927970279590648,Low
Normal,0.8981402423354843,Low
Normal,0.7240261329495861,Low
Normal,0.9115597534764945,Low
Normal,0.9122634523762535,Low
Normal,0.8898717431691384,Low
Normal,0.9467718583955252,Low
Normal,0.867033331147075,Low
Normal,0.8827033898917378,Low
Normal,0.9538806222236953,Low
Normal,0.9112902572091042,Low
Normal,0.9323279411882375,Low
Anxiety,0.6017251040957533,Medium
Anxiety,0.6486065442615508,Medium
Normal,0.9134671340891499,Low
Normal,0.9405092312098802,Low
Normal,0.8939502146194368,Low
Normal,0.8901924112145544,Low
Normal,0.8607511165065064,Low
Normal,0.8896022677841758,Low
Normal,0.9460732229899445,Low
Normal,0.9595834598998284,Low
Normal,0.9107129717296468,Low
Normal,0.8965006648596208,Low
Normal,0.8984218636638865,Low
Normal,0.8986787594120498,Low
Normal,0.9016248240005875,Low
Normal,0.912815084350219,Low
Normal,0.8446726082369277,Low
Normal,0.8111358888041725,Low
Normal,0.5169314990536619,Low
Normal,0.9237130463260158,Low
Normal,0.8938564884054558,Low
Normal,0.9413931952591279,Low
Normal,0.9537052938286734,Low
Normal,0.9015494463222152,Low
Normal,0.9120957354858895,Low
Normal,0.8782580646861234,Low
Normal,0.9217145392215385,Low
Normal,0.7777603833232763,Low
Normal,0.9449094007567299,Low
Normal,0.9095332920083096,Low
Normal,0.9193948470384111,Low
Normal,0.9001762191330714,Low
Normal,0.8659016299169333,Low
Normal,0.8832768733462925,Low
Normal,0.9379781876355158,Low
Normal,0.9694991639414066,Low
Normal,0.6133339475130111,Low
Normal,0.6989729232578193,Low
Anxiety,0.7205333342601465,Medium
Normal,0.6240346629399595,Low
Normal,0.5862519281542052,Low
Normal,0.931422554341428,Low
Normal,0.9364417602058135,Low
Normal,0.9318656286384674,Low
Normal,0.8782580646861234,Low
Normal,0.87002899740452,Low
Normal,0.8717302771810364,Low
Normal,0.8876919112909704,Low
Normal,0.8897601589077347,Low
Normal,0.8246911852778717,Low
Normal,0.8824309233508187,Low
Normal,0.8785138723360807,Low
Normal,0.959164305476866,Low
Normal,0.8431145933336218,Low
Normal,0.8994218146748572,Low
Normal,0.8920610822897387,Low
Normal,0.8979400436955025,Low
Normal,0.9239740363000583,Low
Anxiety,0.5012913327812147,Medium
Normal,0.8807916251249468,Low
Normal,0.9064889785544211,Low
Normal,0.7420696951481536,Low
Normal,0.9146888695512116,Low
Normal,0.9637136638708328,Low
Normal,0.7300811217739144,Low
Normal,0.93101786578892,Low
Normal,0.9345030694712384,Low
Normal,0.9377404598266054,Low
Normal,0.8830438805444231,Low
Normal,0.955851588854678,Low
Normal,0.8933081704841903,Low
Normal,0.9295356701693085,Low
Normal,0.9242078833079423,Low
Anxiety,0.7215496699922825,Medium
Normal,0.946049049779329,Low
Anxiety,0.6093481081309526,Medium
Normal,0.9113928507786031,Low
Normal,0.8696098750435495,Low
Normal,0.9357508661030968,Low
Normal,0.9573422709449481,Low
Normal,0.8949035752085425,Low
Normal,0.9370301713528443,Low
Normal,0.8967496394524368,Low
Normal,0.9175223017025692,Low
Normal,0.9586284911567258,Low
Normal,0.9014686388001356,Low
Normal,0.8782580646861234,Low
Normal,0.8921707559307746,Low
Normal,0.7168325388669345,Low
Normal,0.8541363623187014,Low
Normal,0.5117069944584554,Low
Normal,0.8752167614983317,Low
Normal,0.9241931837591103,Low
Normal,0.8790590696490103,Low
Anxiety,0.5622950281227546,Medium
Normal,0.9296781111310669,Low
Normal,0.8456041246850189,Low
Normal,0.6911293067219333,Low
Anxiety,0.5500761633654084,Medium
Normal,0.9276644240760176,Low
Normal,0.8417920078116693,Low
Normal,0.9725637673599373,Low
Normal,0.9045082062817494,Low
Normal,0.9549466690611519,Low
Normal,0.9502215336478042,Low
Normal,0.9187071221259235,Low
Normal,0.8624814620930346,Low
Normal,0.9023502513160844,Low
Normal,0.71815018571994,Low
Anxiety,0.6348468120572155,Medium
Normal,0.8944010962169018,Low
Normal,0.5756884989596198,Low
Normal,0.9451413158913016,Low
Normal,0.917399429645133,Low
Normal,0.8013072257950073,Low
Normal,0.9257439147564107,Low
Normal,0.9604141101214899,Low
Normal,0.8853948794677283,Low
Normal,0.9552926126011757,Low
Normal,0.9335955208458844,Low
Normal,0.8782580646861234,Low
Normal,0.7929800595339621,Low
Normal,0.7705922384087655,Low
Normal,0.748254018584041,Low
Normal,0.8168233042151904,Low
Normal,0.9696687150692977,Low
Normal,0.8672591277852725,Low
Normal,0.8883669102176838,Low
Normal,0.812050897321077,Low
Normal,0.9154501543402057,Low
Normal,0.901420528735726,Low
Normal,0.8578029939018605,Low
Normal,0.8545063578740273,Low
Normal,0.9000688971365977,Low
Normal,0.8673892362535884,Low
Normal,0.8842627731755707,Low
Normal,0.8865656895942076,Low
Normal,0.9523075696028168,Low
Normal,0.8252994576073918,Low
Normal,0.9330114525114422,Low
Normal,0.8435453002337997,Low
Normal,0.9332102986047023,Low
Normal,0.8323760940384497,Low
Normal,0.9157284147237512,Low
Normal,0.8833392233002988,Low
Normal,0.8839290994849386,Low
Normal,0.9604250527915116,Low
Normal,0.8967633664445152,Low
Normal,0.8067685463681431,Low
Normal,0.7740691192917637,Low
Normal,0.9389917564335946,Low
Normal,0.5104409372702485,Low
Normal,0.9533138762944529,Low
Anxiety,0.5345661678719655,Medium
Normal,0.8910007038259158,Low
Normal,0.6966056338691738,Low
Normal,0.946049049779329,Low
Normal,0.9019970594903322,Low
Normal,0.9282984539721234,Low
Normal,0.8898316994360295,Low
Normal,0.7581294134164865,Low
Normal,0.8870534861526685,Low
Normal,0.8468660219443432,Low
Normal,0.8996091055147096,Low
Normal,0.9370208880357839,Low
Normal,0.8745393712444118,Low
Normal,0.7830981324318189,Low
Normal,0.8586007787074524,Low
Normal,0.889947886044023,Low
Normal,0.9032096363511561,Low
Normal,0.8782580646861234,Low
Normal,0.8261324143909192,Low
Normal,0.5897991191045734,Low
Normal,0.5375049618978587,Low
Anxiety,0.5238144402047695,Medium
Normal,0.9468632708549267,Low
Normal,0.8797053278338051,Low
Normal,0.8267532449629249,Low
Normal,0.9026818717772016,Low
Normal,0.8797754844439476,Low
Normal,0.7761013098591469,Low
Normal,0.9253309594936426,Low
Normal,0.8314337114477007,Low
Normal,0.9474029133106547,Low
Normal,0.9721698224640827,Low
Normal,0.8896022677841758,Low
Normal,0.8393682442042625,Low
Normal,0.8434849409032479,Low
Normal,0.9708145798286782,Low
Normal,0.9157844238013564,Low
Normal,0.6953036721593813,Low
Normal,0.8259753692614031,Low
Normal,0.9122578546200835,Low
Normal,0.7697629960353274,Low
Normal,0.9664581320563921,Low
Normal,0.8352530097392828,Low
Anxiety,0.6447204045310047,Medium
Normal,0.929909822286788,Low
Anxiety,0.5852091507878456,Medium
Normal,0.6440551956107055,Low
Normal,0.5873366653261606,Low
Normal,0.8922472557454145,Low
Normal,0.8805607579720757,Low
Normal,0.8424379256515836,Low
Normal,0.8950427511586354,Low
Normal,0.9067079322291386,Low
Normal,0.9652304988125567,Low
Normal,0.8943591086137646,Low
Normal,0.8947142742058259,Low
Normal,0.5692109472776964,Low
Normal,0.8977127408102186,Low
Normal,0.9153590489672854,Low
Normal,0.8653501078122843,Low
Normal,0.7977913668906847,Low
Normal,0.9156019126929462,Low
Anxiety,0.5277872360401357,Medium
Normal,0.8732757131636393,Low
Normal,0.8516976810866278,Low
Normal,0.8211241622272651,Low
Normal,0.8837818689305743,Low
Normal,0.9552681756807415,Low
Normal,0.8896022677841758,Low
Normal,0.9647115103562885,Low
Normal,0.8897492536930837,Low
Normal,0.940403672768483,Low
Normal,0.7647428695989369,Low
Normal,0.890919030963487,Low
Normal,0.8275256283173568,Low
Normal,0.9399964018361124,Low
Normal,0.8727355209529596,Low
Normal,0.7953846284661571,Low
Normal,0.8597887042915677,Low
Normal,0.8125246099500922,Low
Normal,0.8848094378767665,Low
Normal,0.7694793885252695,Low
Normal,0.7729470482675435,Low
Normal,0.9013117155197756,Low
Normal,0.8417201582955027,Low
Normal,0.9078959595032101,Low
Normal,0.8938632121490463,Low
Normal,0.9419309129903427,Low
Normal,0.9030403007914726,Low
Normal,0.9668729841991933,Low
Normal,0.781705025097488,Low
Normal,0.8808474708784257,Low
Normal,0.7736655008009519,Low
Normal,0.9703039392903886,Low
Normal,0.9135742045688979,Low
Normal,0.6032314019844088,Low
Normal,0.8109754239464285,Low
Normal,0.8782580646861234,Low
Normal,0.9188711338496729,Low
Normal,0.9709583500986314,Low
Normal,0.8112828496191681,Low
Normal,0.9178347475600196,Low
Normal,0.9228580420738839,Low
Normal,0.8909179716027766,Low
Normal,0.6898746857669912,Low
Normal,0.7951046047769049,Low
Normal,0.8121611431131828,Low
Normal,0.8212789283062196,Low
Normal,0.8056011196550479,Low
Anxiety,0.5508340835269305,Medium
Normal,0.8752224020056171,Low
Normal,0.8782580646861234,Low
Normal,0.9150778296289426,Low
Anxiety,0.5393048510248661,Medium
Normal,0.9645940266757735,Low
Normal,0.808172203478376,Low
Normal,0.801916254250909,Low
Normal,0.9290727766335538,Low
Normal,0.7349545536821257,Low
Normal,0.9429866035907899,Low
Normal,0.8192019376376876,Low
Normal,0.9699399295704442,Low
Normal,0.8530915761315315,Low
Normal,0.7086995350490767,Low
Normal,0.9473291262229737,Low
Normal,0.9565142243496918,Low
Normal,0.9118056010803242,Low
Normal,0.9375614376456258,Low
Normal,0.8782580646861234,Low
Normal,0.7189246054134785,Low
Normal,0.9562413949148103,Low
Anxiety,0.5846463864309378,Medium
Normal,0.9096571031878318,Low
Normal,0.8308467786688158,Low
Normal,0.8984218636638865,Low
Normal,0.9039641585846454,Low
Normal,0.587334083296675,Low
Normal,0.8993917143530877,Low
Normal,0.8249332246466752,Low
Normal,0.8432901103074851,Low
Normal,0.9546619668701475,Low
Normal,0.6345637859253296,Low
Normal,0.8785940802592331,Low
Normal,0.9068070050267403,Low
Normal,0.9406983227540378,Low
Normal,0.9705552620460152,Low
Normal,0.8360321171865974,Low
Normal,0.83663306624343,Low
Normal,0.851315430252311,Low
Normal,0.934991047116015,Low
Normal,0.7687417393545338,Low
Normal,0.9160314063516661,Low
Normal,0.9309461251175438,Low
Normal,0.9011813216671788,Low
Normal,0.885942914159691,Low
Normal,0.8782580646861234,Low
Normal,0.9073070137649416,Low
Normal,0.9094952134118826,Low
Normal,0.9730214285484249,Low
Normal,0.7931988468225919,Low
Normal,0.9200470777935728,Low
Anxiety,0.6981610266769197,Medium
Normal,0.9460732229899445,Low
Normal,0.9313387433422537,Low
Normal,0.8660939115655029,Low
Normal,0.7543625718112555,Low
Normal,0.7761169349025089,Low
Normal,0.909891641125471,Low
Normal,0.9489393109876912,Low
Anxiety,0.640577032238278,Medium
Normal,0.8492737314058184,Low
Normal,0.9221717671673606,Low
Normal,0.8462718817557829,Low
Normal,0.9035613264640041,Low
Normal,0.946049049779329,Low
Anxiety,0.5226316476125943,Medium
Normal,0.9088486467842443,Low
Normal,0.8984378523990503,Low
Normal,0.8898231006033708,Low
Normal,0.8833332085644071,Low
Normal,0.9080760954790761,Low
Normal,0.9297395512357525,Low
Normal,0.8477575290657292,Low
Normal,0.9319460477804116,Low
Normal,0.8952640806173688,Low
Normal,0.8783888278040927,Low
Normal,0.9043629557556966,Low
Normal,0.8980349121514484,Low
Normal,0.8099972056675726,Low
Normal,0.8916884519347124,Low
Normal,0.7642225103187926,Low
Normal,0.9583020659230108,Low
Normal,0.9090921989538012,Low
Normal,0.8855693000236191,Low
Normal,0.8962564637283931,Low
Normal,0.8107156577483215,Low
Normal,0.8237017110649705,Low
Normal,0.9106382824678875,Low
Normal,0.8979253811276705,Low
Normal,0.9600015134112143,Low
Normal,0.9616887374789308,Low
Normal,0.8740952144258022,Low
Normal,0.8369294979198826,Low
Normal,0.8803000415138387,Low
Normal,0.9701178818614242,Low
Normal,0.906758333839415,Low
Normal,0.9603118944594327,Low
Normal,0.856972600437425,Low
Normal,0.702161969849112,Low
Normal,0.8138802092754324,Low
Normal,0.9177100323831182,Low
Normal,0.9277524808802732,Low
Normal,0.828698487964631,Low
Normal,0.9276041504393898,Low
Normal,0.8782580646861234,Low
Normal,0.7255332738695016,Low
Normal,0.8984218636638865,Low
Normal,0.8984698818607662,Low
Normal,0.5938193192134579,Low
Normal,0.8740359152380638,Low
Normal,0.8782580646861234,Low
Normal,0.869582319956473,Low
Normal,0.7230843974881797,Low
Normal,0.8965960465309252,Low
Normal,0.8605106658786611,Low
Normal,0.719765434283117,Low
Normal,0.9595834598998284,Low
Normal,0.8844867849257254,Low
Normal,0.915642706274299,Low
Normal,0.9112986015502401,Low
Normal,0.9700535002807571,Low
Normal,0.8856557952436444,Low
Normal,0.8787257628499289,Low
Normal,0.8931142876700052,Low
Normal,0.8455758417210721,Low
Normal,0.5515681070455463,Low
Normal,0.9107969822729983,Low
Normal,0.9492745389176447,Low
Normal,0.9481287702540451,Low
Normal,0.8408999537074402,Low
Normal,0.9604711998732411,Low
Normal,0.9273702542613514,Low
Normal,0.8754059118091186,Low
Normal,0.765801776899049,Low
Normal,0.8763354759383133,Low
Normal,0.9588029850657297,Low
Anxiety,0.5556242544051069,Medium
Normal,0.9095066082379561,Low
Anxiety,0.5378900825523882,Medium
Normal,0.9711402661026727,Low
Normal,0.8858191999256965,Low
Normal,0.8722407614594875,Low
Normal,0.9658592199660796,Low
Normal,0.8692774897803837,Low
Normal,0.8048289637667211,Low
Normal,0.8732063914082042,Low
Normal,0.833366924720576,Low
Normal,0.8986813835359714,Low
Normal,0.8782580646861234,Low
Normal,0.8981170492252007,Low
Normal,0.8579610017301593,Low
Normal,0.738932801424201,Low
Normal,0.9010929778970324,Low
Normal,0.9159885404582914,Low
Normal,0.9300341007544117,Low
Normal,0.9446654430853796,Low
Normal,0.8952211255889119,Low
Normal,0.8841406803365203,Low
Normal,0.9526397852380125,Low
Normal,0.9364616089169289,Low
Normal,0.8922448610314632,Low
Anxiety,0.7573275331627172,Medium
Normal,0.8989842991981012,Low
Normal,0.8897510405282275,Low
Normal,0.7883966949792668,Low
Normal,0.9013021655014681,Low
Normal,0.8747428648895048,Low
Normal,0.7603895311891757,Low
Normal,0.8142991893222059,Low
Normal,0.8748646003199025,Low
Normal,0.9488425854908275,Low
Normal,0.9146047803826255,Low
Normal,0.890032827660314,Low
Normal,0.8782638786939074,Low
Normal,0.801224412815858,Low
Normal,0.813478789702956,Low
Normal,0.9765121046748794,Low
Normal,0.9453515427151232,Low
Normal,0.8220337543141816,Low
Normal,0.7335579174913105,Low
Normal,0.7649518264230439,Low
Normal,0.8190562087607021,Low
Normal,0.93594299486419,Low
Normal,0.8659337507928913,Low
Normal,0.8901654983945874,Low
Normal,0.7442010577074379,Low
Normal,0.9249122555266547,Low
Normal,0.8927074439306085,Low
Normal,0.8717436748201414,Low
Normal,0.7179565397979999,Low
Normal,0.9129420966768246,Low
Normal,0.5700173921690173,Low
Normal,0.8782580646861234,Low
Normal,0.8833470892615525,Low
Normal,0.8264062348165535,Low
Normal,0.9356181750894609,Low
Normal,0.8807731678403011,Low
Normal,0.8449925853571304,Low
Normal,0.8941377425897047,Low
Normal,0.8965729753352351,Low
Normal,0.8931130313950406,Low
Normal,0.8104731362128007,Low
Normal,0.9108123067115423,Low
Normal,0.8061663270326579,Low
